x,y,z,type
85,30,-74,minecraft:mob_spawner
85,-8,107,minecraft:mob_spawner
5,-17,119,minecraft:mob_spawner
-35,12,119,minecraft:mob_spawner
76,-18,128,minecraft:mob_spawner
138,-14,-6,minecraft:mob_spawner
133,-28,51,minecraft:mob_spawner
57,-15,156,minecraft:mob_spawner
146,41,121,minecraft:mob_spawner
101,-15,158,minecraft:mob_spawner
-60,-12,168,minecraft:mob_spawner
102,-14,168,minecraft:mob_spawner
115,-22,173,minecraft:mob_spawner
-42,-9,-163,minecraft:mob_spawner
-168,-40,150,minecraft:mob_spawner
42,-11,191,minecraft:mob_spawner
82,-16,189,minecraft:mob_spawner
-162,9,184,minecraft:mob_spawner
196,34,414,minecraft:mob_spawner
227,34,423,minecraft:mob_spawner
220,67,350,minecraft:beehive
285,31,439,minecraft:mob_spawner
125,-10,325,minecraft:mob_spawner
149,26,535,minecraft:mob_spawner
77,77,325,minecraft:beehive
187,-2,278,minecraft:mob_spawner
27,34,535,minecraft:mob_spawner
341,65,348,minecraft:mob_spawner
219,-8,590,minecraft:mob_spawner
310,-41,259,minecraft:mob_spawner
334,-24,591,minecraft:mob_spawner
96,-26,593,minecraft:mob_spawner
11,-31,385,minecraft:mob_spawner
359,23,343,minecraft:mob_spawner
11,40,478,minecraft:mob_spawner
253,-26,239,minecraft:mob_spawner
-4,94,470,minecraft:beehive
25,-22,623,minecraft:mob_spawner
10,-28,621,minecraft:mob_spawner
157,-16,645,minecraft:mob_spawner
144,74,658,minecraft:bell
131,75,661,minecraft:blast_furnace
98,69,668,minecraft:bell
301,-43,656,minecraft:mob_spawner
28,22,701,minecraft:mob_spawner
86,65,699,minecraft:brewing_stand
