x,y,z,visibility,load_status,entity_count
17,0,31,TICKING,LOADED,2
17,1,31,TICKING,LOADED,2
17,4,36,TICKING,LOADED,1
1,4,-10,TRACKED,LOADED,1
4,7,41,TICKING,LOADED,1
4,6,36,TICKING,LOADED,2
20,4,27,TICKING,LOADED,22
6,6,39,TICKING,LOADED,1
20,4,37,TICKING,LOADED,3
14,1,26,TICKING,LOADED,2
14,3,26,TICKING,LOADED,16
14,4,26,TICKING,LOADED,1
11,1,-11,TRACKED,LOADED,1
7,4,40,TICKING,LOADED,1
15,2,29,TICKING,LOADED,3
15,4,29,TICKING,LOADED,1
16,1,29,TICKING,LOADED,1
16,2,29,TICKING,LOADED,2
16,3,29,TICKING,LOADED,3
16,4,29,TICKING,LOADED,18
19,4,35,TICKING,LOADED,2
1,5,33,TICKING,LOADED,1
5,7,41,TICKING,LOADED,1
10,2,28,TICKING,LOADED,1
10,4,28,TICKING,LOADED,2
11,-2,36,TICKING,LOADED,1
17,4,20,TRACKED,LOADED,2
17,6,20,TRACKED,LOADED,1
10,3,26,TICKING,LOADED,40
10,4,26,TICKING,LOADED,6
12,3,25,TICKING,LOADED,8
12,4,25,TICKING,LOADED,21
12,-1,25,TICKING,LOADED,2
3,-3,36,TICKING,LOADED,1
3,-2,36,TICKING,LOADED,1
17,1,28,TICKING,LOADED,1
17,2,28,TICKING,LOADED,1
17,3,28,TICKING,LOADED,69
17,3,26,TICKING,LOADED,1
4,-1,27,TICKING,LOADED,1
7,5,35,TICKING,LOADED,1
13,2,27,TICKING,LOADED,1
13,3,27,TICKING,LOADED,3
4,3,32,TICKING,LOADED,2
14,3,37,TICKING,LOADED,1
1,5,38,TICKING,LOADED,1
5,3,4,TICKING,LOADED,1
4,5,40,TICKING,LOADED,2
1,-2,34,TICKING,LOADED,1
-3,-1,-9,TICKING,LOADED,1
8,-1,34,TICKING,LOADED,1
22,4,29,TRACKED,LOADED,1
13,0,36,TICKING,LOADED,1
13,3,36,TICKING,LOADED,2
20,4,28,TICKING,LOADED,11
19,4,38,TICKING,LOADED,2
15,4,30,TICKING,LOADED,3
15,-1,30,TICKING,LOADED,1
16,1,30,TICKING,LOADED,1
16,4,30,TICKING,LOADED,4
11,1,27,TICKING,LOADED,1
11,2,27,TICKING,LOADED,1
11,3,27,TICKING,LOADED,21
11,-1,27,TICKING,LOADED,3
18,3,27,TICKING,LOADED,46
12,1,28,TICKING,LOADED,2
8,3,10,TRACKED,LOADED,3
6,4,5,TICKING,LOADED,1
21,4,29,TICKING,LOADED,1
3,5,37,TICKING,LOADED,1
12,4,24,TICKING,LOADED,2
18,4,35,TICKING,LOADED,3
8,4,40,TICKING,LOADED,1
15,1,26,TICKING,LOADED,5
15,3,26,TICKING,LOADED,22
15,4,26,TICKING,LOADED,4
13,1,25,TICKING,LOADED,2
13,3,25,TICKING,LOADED,37
13,4,25,TICKING,LOADED,7
1,4,-8,TICKING,LOADED,1
6,0,-11,TRACKED,LOADED,1
6,1,-11,TRACKED,LOADED,3
-9,0,-11,TRACKED,LOADED,2
16,1,31,TICKING,LOADED,2
16,4,31,TICKING,LOADED,2
9,4,10,TRACKED,LOADED,1
19,3,29,TICKING,LOADED,3
9,-1,29,TICKING,LOADED,3
16,4,23,TICKING,LOADED,1
21,4,27,TICKING,LOADED,3
5,4,43,TRACKED,LOADED,1
7,4,42,TRACKED,LOADED,3
3,5,42,TRACKED,LOADED,1
3,7,42,TRACKED,LOADED,2
-5,4,-6,TICKING,LOADED,1
12,1,29,TICKING,LOADED,1
8,-1,32,TICKING,LOADED,1
10,1,-11,TRACKED,LOADED,5
13,1,35,TICKING,LOADED,1
13,3,35,TICKING,LOADED,1
17,1,27,TICKING,LOADED,1
17,3,27,TICKING,LOADED,37
10,0,37,TICKING,LOADED,1
5,4,10,TRACKED,LOADED,1
13,1,33,TICKING,LOADED,1
6,4,42,TRACKED,LOADED,2
6,7,42,TRACKED,LOADED,4
20,4,38,TICKING,LOADED,1
16,4,36,TICKING,LOADED,2
14,1,27,TICKING,LOADED,2
14,3,27,TICKING,LOADED,4
23,4,28,TRACKED,LOADED,1
19,4,39,TICKING,LOADED,1
16,2,28,TICKING,LOADED,1
16,3,28,TICKING,LOADED,26
16,4,28,TICKING,LOADED,1
7,7,41,TICKING,LOADED,4
18,5,21,TICKING,LOADED,2
18,6,21,TICKING,LOADED,1
-4,-1,-7,TICKING,LOADED,1
15,3,37,TICKING,LOADED,1
1,-3,40,TICKING,LOADED,1
5,6,38,TICKING,LOADED,1
11,4,24,TICKING,LOADED,2
6,-2,11,TRACKED,LOADED,1
22,4,28,TRACKED,LOADED,1
18,4,25,TICKING,LOADED,1
8,4,41,TICKING,LOADED,1
18,3,29,TICKING,LOADED,40
18,4,29,TICKING,LOADED,1
11,3,25,TICKING,LOADED,37
11,4,25,TICKING,LOADED,6
17,4,35,TICKING,LOADED,2
12,2,26,TICKING,LOADED,1
12,3,26,TICKING,LOADED,14
12,4,26,TICKING,LOADED,4
13,4,24,TICKING,LOADED,6
9,4,11,TRACKED,LOADED,4
8,-1,31,TICKING,LOADED,2
8,-1,27,TICKING,LOADED,1
21,4,38,TICKING,LOADED,1
0,-2,39,TRACKED,LOADED,1
1,-3,41,TICKING,LOADED,2
1,-2,41,TICKING,LOADED,1
16,3,27,TICKING,LOADED,44
16,4,27,TICKING,LOADED,7
14,0,28,TICKING,LOADED,3
14,2,28,TICKING,LOADED,2
6,0,27,TICKING,LOADED,1
15,3,27,TICKING,LOADED,76
18,3,30,TICKING,LOADED,2
23,4,27,TRACKED,LOADED,2
7,-1,36,TICKING,LOADED,2
10,4,11,TRACKED,LOADED,1
19,3,28,TICKING,LOADED,14
19,4,28,TICKING,LOADED,22
1,-3,36,TICKING,LOADED,1
13,4,34,TICKING,LOADED,1
11,-3,34,TICKING,LOADED,1
15,4,23,TICKING,LOADED,1
17,4,21,TICKING,LOADED,4
17,5,21,TICKING,LOADED,2
17,6,21,TICKING,LOADED,1
11,4,10,TRACKED,LOADED,2
13,2,29,TICKING,LOADED,1
2,-2,38,TICKING,LOADED,1
6,7,41,TICKING,LOADED,16
9,1,27,TICKING,LOADED,1
15,-1,31,TICKING,LOADED,1
0,5,42,TRACKED,LOADED,1
16,4,22,TICKING,LOADED,3
14,2,25,TICKING,LOADED,1
14,3,25,TICKING,LOADED,4
14,4,25,TICKING,LOADED,6
10,3,27,TICKING,LOADED,3
10,4,27,TICKING,LOADED,7
10,-1,27,TICKING,LOADED,1
-1,-3,40,TRACKED,LOADED,1
6,5,36,TICKING,LOADED,1
6,6,36,TICKING,LOADED,1
-3,4,-7,TICKING,LOADED,1
3,5,20,TRACKED,LOADED,1
2,4,11,TRACKED,LOADED,1
16,0,26,TICKING,LOADED,2
16,3,26,TICKING,LOADED,11
16,4,26,TICKING,LOADED,8
16,-1,26,TICKING,LOADED,2
-1,5,20,TRACKED,LOADED,1
-1,6,20,TRACKED,LOADED,1
9,-1,32,TICKING,LOADED,1
7,-3,33,TICKING,LOADED,1
17,3,29,TICKING,LOADED,29
17,4,29,TICKING,LOADED,15
5,7,42,TRACKED,LOADED,8
19,3,26,TICKING,LOADED,3
19,4,26,TICKING,LOADED,28
19,5,26,TICKING,LOADED,2
10,-1,29,TICKING,LOADED,1
3,5,35,TICKING,LOADED,1
10,-3,34,TICKING,LOADED,1
11,1,26,TICKING,LOADED,1
11,3,26,TICKING,LOADED,83
11,4,26,TICKING,LOADED,2
11,-1,26,TICKING,LOADED,1
0,4,-10,TRACKED,LOADED,2
12,1,32,TICKING,LOADED,3
17,3,30,TICKING,LOADED,1
17,4,30,TICKING,LOADED,9
13,3,37,TICKING,LOADED,1
12,0,36,TICKING,LOADED,1
12,-2,36,TICKING,LOADED,1
12,-1,36,TICKING,LOADED,1
4,6,37,TICKING,LOADED,3
13,3,26,TICKING,LOADED,61
16,4,21,TICKING,LOADED,1
11,3,31,TICKING,LOADED,2
8,4,42,TRACKED,LOADED,4
-5,4,-8,TICKING,LOADED,1
-1,5,19,TRACKED,LOADED,2
7,5,34,TICKING,LOADED,1
8,-3,33,TICKING,LOADED,1
8,-1,33,TICKING,LOADED,2
5,3,31,TICKING,LOADED,1
14,4,24,TICKING,LOADED,2
-1,1,43,TRACKED,LOADED,1
10,4,24,TICKING,LOADED,1
15,2,28,TICKING,LOADED,2
15,3,28,TICKING,LOADED,20
15,4,28,TICKING,LOADED,3
-8,-1,-10,TRACKED,LOADED,1
11,6,42,TRACKED,LOADED,1
1,-2,39,TICKING,LOADED,1
12,3,27,TICKING,LOADED,5
12,4,27,TICKING,LOADED,1
12,-1,27,TICKING,LOADED,3
18,3,26,TICKING,LOADED,6
18,4,26,TICKING,LOADED,14
18,1,28,TICKING,LOADED,1
18,3,28,TICKING,LOADED,57
2,5,40,TICKING,LOADED,1
4,-1,26,TICKING,LOADED,2
16,10,43,TRACKED,LOADED,1
13,4,21,TICKING,LOADED,2
10,-2,33,TICKING,LOADED,1
-10,3,-10,TRACKED,LOADED,1
-10,4,-10,TRACKED,LOADED,1
15,4,36,TICKING,LOADED,2
15,-1,36,TICKING,LOADED,2
20,4,26,TICKING,LOADED,11
15,4,25,TICKING,LOADED,1
19,3,27,TICKING,LOADED,53
19,4,27,TICKING,LOADED,33
10,4,9,TRACKED,LOADED,4
9,4,26,TICKING,LOADED,2
7,4,39,TICKING,LOADED,1
10,0,25,TICKING,LOADED,1
10,3,25,TICKING,LOADED,16
10,4,25,TICKING,LOADED,18
